{"cameraMode":{"drawMode":0,"name":"Shaded","section":"Shading Mode"},"sceneLighting":false,"audioPlay":false,"sceneViewState":{"showFog":true,"showMaterialUpdate":false,"showSkybox":false,"showFlares":true,"showImageEffects":true,"showParticleSystems":true},"in2DMode":false,"pivot":{"x":0.7935791015625,"y":2.063232421875,"z":8.271484375},"rotation":{"x":0.05094499886035919,"y":-0.03594532608985901,"z":0.0018348131561651826,"w":0.9980530738830566},"size":6.560929775238037,"orthographic":true}